link,type,file,year,month,total_principal_funds
sf.citidirect.com/stfin/docs/738010/CertStmtCMLT06AMC12401.pdf,chs,CertStmtCMLT06AMC12401.pdf,24,01,499370.38
sf.citidirect.com/stfin/docs/634288/CertStmtCMLT06AMC12301.pdf,chs,CertStmtCMLT06AMC12301.pdf,23,01,819684.62
sf.citidirect.com/stfin/docs/640629/CertStmtCMLT06AMC12302.pdf,chs,CertStmtCMLT06AMC12302.pdf,23,02,634770.1
sf.citidirect.com/stfin/docs/646432/CertStmtCMLT06AMC12303.pdf,chs,CertStmtCMLT06AMC12303.pdf,23,03,572247.88
sf.citidirect.com/stfin/docs/656708/CertStmtCMLT06AMC12304.pdf,chs,CertStmtCMLT06AMC12304.pdf,23,04,287699.89
sf.citidirect.com/stfin/docs/665442/CertStmtCMLT06AMC12305.pdf,chs,CertStmtCMLT06AMC12305.pdf,23,05,771096.19
sf.citidirect.com/stfin/docs/674061/CertStmtCMLT06AMC12306.pdf,chs,CertStmtCMLT06AMC12306.pdf,23,06,814158.81
sf.citidirect.com/stfin/docs/684252/CertStmtCMLT06AMC12307.pdf,chs,CertStmtCMLT06AMC12307.pdf,23,07,896542.4
sf.citidirect.com/stfin/docs/692354/CertStmtCMLT06AMC12308.pdf,chs,CertStmtCMLT06AMC12308.pdf,23,08,303314.26
sf.citidirect.com/stfin/docs/703452/CertStmtCMLT06AMC12309.pdf,chs,CertStmtCMLT06AMC12309.pdf,23,09,1072051.46
sf.citidirect.com/stfin/docs/710480/CertStmtCMLT06AMC12310.pdf,chs,CertStmtCMLT06AMC12310.pdf,23,10,324734.25
sf.citidirect.com/stfin/docs/721289/CertStmtCMLT06AMC12311.pdf,chs,CertStmtCMLT06AMC12311.pdf,23,11,426092.56
sf.citidirect.com/stfin/docs/728892/CertStmtCMLT06AMC12312.pdf,chs,CertStmtCMLT06AMC12312.pdf,23,12,247486.36
sf.citidirect.com/stfin/docs/534492/CertStmtCMLT06AMC12201.pdf,chs,CertStmtCMLT06AMC12201.pdf,22,01,1092042.29
sf.citidirect.com/stfin/docs/541492/CertStmtCMLT06AMC12202.pdf,chs,CertStmtCMLT06AMC12202.pdf,22,02,899143.9
sf.citidirect.com/stfin/docs/549483/CertStmtCMLT06AMC12203.pdf,chs,CertStmtCMLT06AMC12203.pdf,22,03,1340728.15
sf.citidirect.com/stfin/docs/556284/CertStmtCMLT06AMC12204.pdf,chs,CertStmtCMLT06AMC12204.pdf,22,04,1868125.81
sf.citidirect.com/stfin/docs/566255/CertStmtCMLT06AMC12205.pdf,chs,CertStmtCMLT06AMC12205.pdf,22,05,1137089.86
sf.citidirect.com/stfin/docs/574571/CertStmtCMLT06AMC12206.pdf,chs,CertStmtCMLT06AMC12206.pdf,22,06,771378.48
sf.citidirect.com/stfin/docs/580290/CertStmtCMLT06AMC12207.pdf,chs,CertStmtCMLT06AMC12207.pdf,22,07,1064238.96
sf.citidirect.com/stfin/docs/588246/CertStmtCMLT06AMC12208.pdf,chs,CertStmtCMLT06AMC12208.pdf,22,08,1637590.67
sf.citidirect.com/stfin/docs/597585/CertStmtCMLT06AMC12209.pdf,chs,CertStmtCMLT06AMC12209.pdf,22,09,1200462.77
sf.citidirect.com/stfin/docs/605112/CertStmtCMLT06AMC12210.pdf,chs,CertStmtCMLT06AMC12210.pdf,22,10,887215.49
sf.citidirect.com/stfin/docs/613125/CertStmtCMLT06AMC12211.pdf,chs,CertStmtCMLT06AMC12211.pdf,22,11,292203.35
sf.citidirect.com/stfin/docs/620327/CertStmtCMLT06AMC12212.pdf,chs,CertStmtCMLT06AMC12212.pdf,22,12,735397.08
sf.citidirect.com/stfin/docs/450045/CertStmtCMLT06AMC12101.pdf,chs,CertStmtCMLT06AMC12101.pdf,21,01,630242.97
sf.citidirect.com/stfin/docs/457426/CertStmtCMLT06AMC12102.pdf,chs,CertStmtCMLT06AMC12102.pdf,21,02,689835.16
sf.citidirect.com/stfin/docs/462992/CertStmtCMLT06AMC12103.pdf,chs,CertStmtCMLT06AMC12103.pdf,21,03,889258.21
sf.citidirect.com/stfin/docs/470145/CertStmtCMLT06AMC12104.pdf,chs,CertStmtCMLT06AMC12104.pdf,21,04,1327863.33
sf.citidirect.com/stfin/docs/477135/CertStmtCMLT06AMC12105.pdf,chs,CertStmtCMLT06AMC12105.pdf,21,05,2319407.63
sf.citidirect.com/stfin/docs/482898/CertStmtCMLT06AMC12106.pdf,chs,CertStmtCMLT06AMC12106.pdf,21,06,475465.04
sf.citidirect.com/stfin/docs/489854/CertStmtCMLT06AMC12107.pdf,chs,CertStmtCMLT06AMC12107.pdf,21,07,1225481.33
sf.citidirect.com/stfin/docs/497578/CertStmtCMLT06AMC12108.pdf,chs,CertStmtCMLT06AMC12108.pdf,21,08,1026504.11
sf.citidirect.com/stfin/docs/504723/CertStmtCMLT06AMC12109.pdf,chs,CertStmtCMLT06AMC12109.pdf,21,09,1602811.83
sf.citidirect.com/stfin/docs/512089/CertStmtCMLT06AMC12110.pdf,chs,CertStmtCMLT06AMC12110.pdf,21,10,1536026.68
sf.citidirect.com/stfin/docs/520372/CertStmtCMLT06AMC12111.pdf,chs,CertStmtCMLT06AMC12111.pdf,21,11,2101225.25
sf.citidirect.com/stfin/docs/527614/CertStmtCMLT06AMC12112.pdf,chs,CertStmtCMLT06AMC12112.pdf,21,12,1691675.92
sf.citidirect.com/stfin/docs/376536/CertStmtCMLT06AMC12001.pdf,chs,CertStmtCMLT06AMC12001.pdf,20,01,899686.5
sf.citidirect.com/stfin/docs/383720/CertStmtCMLT06AMC12002.pdf,chs,CertStmtCMLT06AMC12002.pdf,20,02,2400695.83
sf.citidirect.com/stfin/docs/388685/CertStmtCMLT06AMC12003.pdf,chs,CertStmtCMLT06AMC12003.pdf,20,03,1742149.26
sf.citidirect.com/stfin/docs/395804/CertStmtCMLT06AMC12004.pdf,chs,CertStmtCMLT06AMC12004.pdf,20,04,613354.37
sf.citidirect.com/stfin/docs/401960/CertStmtCMLT06AMC12005.pdf,chs,CertStmtCMLT06AMC12005.pdf,20,05,369717.38
sf.citidirect.com/stfin/docs/407021/CertStmtCMLT06AMC12006.pdf,chs,CertStmtCMLT06AMC12006.pdf,20,06,290325.75
sf.citidirect.com/stfin/docs/413937/CertStmtCMLT06AMC12007.pdf,chs,CertStmtCMLT06AMC12007.pdf,20,07,431389.3
sf.citidirect.com/stfin/docs/419930/CertStmtCMLT06AMC12008.pdf,chs,CertStmtCMLT06AMC12008.pdf,20,08,334312.66
sf.citidirect.com/stfin/docs/425633/CertStmtCMLT06AMC12009.pdf,chs,CertStmtCMLT06AMC12009.pdf,20,09,127787.52
sf.citidirect.com/stfin/docs/432065/CertStmtCMLT06AMC12010.pdf,chs,CertStmtCMLT06AMC12010.pdf,20,10,743206.95
sf.citidirect.com/stfin/docs/437481/CertStmtCMLT06AMC12011.pdf,chs,CertStmtCMLT06AMC12011.pdf,20,11,741690.1
sf.citidirect.com/stfin/docs/442861/CertStmtCMLT06AMC12012.pdf,chs,CertStmtCMLT06AMC12012.pdf,20,12,755457.67
sf.citidirect.com/stfin/docs/296437/CertStmtCMLT06AMC11901.pdf,chs,CertStmtCMLT06AMC11901.pdf,19,01,797066.17
sf.citidirect.com/stfin/docs/300726/CertStmtCMLT06AMC11902.pdf,chs,CertStmtCMLT06AMC11902.pdf,19,02,869028.31
sf.citidirect.com/stfin/docs/313140/CertStmtCMLT06AMC11903.pdf,chs,CertStmtCMLT06AMC11903.pdf,19,03,533143.83
sf.citidirect.com/stfin/docs/320814/CertStmtCMLT06AMC11904.pdf,chs,CertStmtCMLT06AMC11904.pdf,19,04,967692.19
sf.citidirect.com/stfin/docs/335261/CertStmtCMLT06AMC11905.pdf,chs,CertStmtCMLT06AMC11905.pdf,19,05,964101.84
sf.citidirect.com/stfin/docs/339323/CertStmtCMLT06AMC11906.pdf,chs,CertStmtCMLT06AMC11906.pdf,19,06,1620644.71
sf.citidirect.com/stfin/docs/343165/CertStmtCMLT06AMC11907.pdf,chs,CertStmtCMLT06AMC11907.pdf,19,07,1570313.19
sf.citidirect.com/stfin/docs/348129/CertStmtCMLT06AMC11908.pdf,chs,CertStmtCMLT06AMC11908.pdf,19,08,2119797.07
sf.citidirect.com/stfin/docs/353771/CertStmtCMLT06AMC11909.pdf,chs,CertStmtCMLT06AMC11909.pdf,19,09,2086260.37
sf.citidirect.com/stfin/docs/358181/CertStmtCMLT06AMC11910.pdf,chs,CertStmtCMLT06AMC11910.pdf,19,10,975126.69
sf.citidirect.com/stfin/docs/363693/CertStmtCMLT06AMC11911.pdf,chs,CertStmtCMLT06AMC11911.pdf,19,11,1165039.32
sf.citidirect.com/stfin/docs/371331/CertStmtCMLT06AMC11912.pdf,chs,CertStmtCMLT06AMC11912.pdf,19,12,496613.04
sf.citidirect.com/stfin/docs/234938/CertStmtCMLT06AMC11801.pdf,chs,CertStmtCMLT06AMC11801.pdf,18,01,678104.5
sf.citidirect.com/stfin/docs/238404/CertStmtCMLT06AMC11802.pdf,chs,CertStmtCMLT06AMC11802.pdf,18,02,1322418.51
sf.citidirect.com/stfin/docs/242232/CertStmtCMLT06AMC11803.pdf,chs,CertStmtCMLT06AMC11803.pdf,18,03,2016113.3
sf.citidirect.com/stfin/docs/247314/CertStmtCMLT06AMC11804.pdf,chs,CertStmtCMLT06AMC11804.pdf,18,04,1172311.4
sf.citidirect.com/stfin/docs/251988/CertStmtCMLT06AMC11805.pdf,chs,CertStmtCMLT06AMC11805.pdf,18,05,1438363.34
sf.citidirect.com/stfin/docs/254589/CertStmtCMLT06AMC11806.pdf,chs,CertStmtCMLT06AMC11806.pdf,18,06,2714927.06
sf.citidirect.com/stfin/docs/259587/CertStmtCMLT06AMC11807.pdf,chs,CertStmtCMLT06AMC11807.pdf,18,07,1849897.34
sf.citidirect.com/stfin/docs/263697/CertStmtCMLT06AMC11808.pdf,chs,CertStmtCMLT06AMC11808.pdf,18,08,843347.73
sf.citidirect.com/stfin/docs/268305/CertStmtCMLT06AMC11809.pdf,chs,CertStmtCMLT06AMC11809.pdf,18,09,1448819.52
sf.citidirect.com/stfin/docs/272420/CertStmtCMLT06AMC11810.pdf,chs,CertStmtCMLT06AMC11810.pdf,18,10,1385719.3
sf.citidirect.com/stfin/docs/276529/CertStmtCMLT06AMC11811.pdf,chs,CertStmtCMLT06AMC11811.pdf,18,11,1641297.99
sf.citidirect.com/stfin/docs/292450/CertStmtCMLT06AMC11812.pdf,chs,CertStmtCMLT06AMC11812.pdf,18,12,2537290.56
sf.citidirect.com/stfin/docs/194911/CertStmtCMLT06AMC11701.pdf,chs,CertStmtCMLT06AMC11701.pdf,17,01,1147923.42
sf.citidirect.com/stfin/docs/197916/CertStmtCMLT06AMC11702.pdf,chs,CertStmtCMLT06AMC11702.pdf,17,02,1900956.52
sf.citidirect.com/stfin/docs/200470/CertStmtCMLT06AMC11703.pdf,chs,CertStmtCMLT06AMC11703.pdf,17,03,1474965.18
sf.citidirect.com/stfin/docs/203120/CertStmtCMLT06AMC11704.pdf,chs,CertStmtCMLT06AMC11704.pdf,17,04,2053298.54
sf.citidirect.com/stfin/docs/206171/CertStmtCMLT06AMC11705.pdf,chs,CertStmtCMLT06AMC11705.pdf,17,05,1254163.72
sf.citidirect.com/stfin/docs/209031/CertStmtCMLT06AMC11706.pdf,chs,CertStmtCMLT06AMC11706.pdf,17,06,1177453.77
sf.citidirect.com/stfin/docs/213293/CertStmtCMLT06AMC11707.pdf,chs,CertStmtCMLT06AMC11707.pdf,17,07,1381595.31
sf.citidirect.com/stfin/docs/216475/CertStmtCMLT06AMC11708.pdf,chs,CertStmtCMLT06AMC11708.pdf,17,08,1783730.14
sf.citidirect.com/stfin/docs/219817/CertStmtCMLT06AMC11709.pdf,chs,CertStmtCMLT06AMC11709.pdf,17,09,2016274.33
sf.citidirect.com/stfin/docs/223405/CertStmtCMLT06AMC11710.pdf,chs,CertStmtCMLT06AMC11710.pdf,17,10,1568023.12
sf.citidirect.com/stfin/docs/227383/CertStmtCMLT06AMC11711.pdf,chs,CertStmtCMLT06AMC11711.pdf,17,11,774666.03
sf.citidirect.com/stfin/docs/230820/CertStmtCMLT06AMC11712.pdf,chs,CertStmtCMLT06AMC11712.pdf,17,12,2075635.96
sf.citidirect.com/stfin/docs/149705/CertStmtCMLT06AMC11601.pdf,chs,CertStmtCMLT06AMC11601.pdf,16,01,1267878.3
sf.citidirect.com/stfin/docs/151871/CertStmtCMLT06AMC11602.pdf,chs,CertStmtCMLT06AMC11602.pdf,16,02,1909077.14
sf.citidirect.com/stfin/docs/154071/CertStmtCMLT06AMC11603.pdf,chs,CertStmtCMLT06AMC11603.pdf,16,03,1086013.43
sf.citidirect.com/stfin/docs/164897/CertStmtCMLT06AMC11604.pdf,chs,CertStmtCMLT06AMC11604.pdf,16,04,1174857.21
sf.citidirect.com/stfin/docs/167117/CertStmtCMLT06AMC11605.pdf,chs,CertStmtCMLT06AMC11605.pdf,16,05,746066.56
sf.citidirect.com/stfin/docs/176389/CertStmtCMLT06AMC11606.pdf,chs,CertStmtCMLT06AMC11606.pdf,16,06,1105302.58
sf.citidirect.com/stfin/docs/178974/CertStmtCMLT06AMC11607.pdf,chs,CertStmtCMLT06AMC11607.pdf,16,07,1124014.46
sf.citidirect.com/stfin/docs/181699/CertStmtCMLT06AMC11608.pdf,chs,CertStmtCMLT06AMC11608.pdf,16,08,509155.93
sf.citidirect.com/stfin/docs/183502/CertStmtCMLT06AMC11609.pdf,chs,CertStmtCMLT06AMC11609.pdf,16,09,1197285.7
sf.citidirect.com/stfin/docs/187698/CertStmtCMLT06AMC11610.pdf,chs,CertStmtCMLT06AMC11610.pdf,16,10,1212197.61
sf.citidirect.com/stfin/docs/189497/CertStmtCMLT06AMC11611.pdf,chs,CertStmtCMLT06AMC11611.pdf,16,11,1374920.32
sf.citidirect.com/stfin/docs/192649/CertStmtCMLT06AMC11612.pdf,chs,CertStmtCMLT06AMC11612.pdf,16,12,39723396.86
sf.citidirect.com/stfin/docs/124622/CertStmtCMLT06AMC11501.pdf,chs,CertStmtCMLT06AMC11501.pdf,15,01,1366799.26
sf.citidirect.com/stfin/docs/126792/CertStmtCMLT06AMC11502.pdf,chs,CertStmtCMLT06AMC11502.pdf,15,02,866835.1
sf.citidirect.com/stfin/docs/128726/CertStmtCMLT06AMC11503.pdf,chs,CertStmtCMLT06AMC11503.pdf,15,03,1341003.5
sf.citidirect.com/stfin/docs/130681/CertStmtCMLT06AMC11504.pdf,chs,CertStmtCMLT06AMC11504.pdf,15,04,1729305.69
sf.citidirect.com/stfin/docs/132661/CertStmtCMLT06AMC11505.pdf,chs,CertStmtCMLT06AMC11505.pdf,15,05,991730.77
sf.citidirect.com/stfin/docs/134724/CertStmtCMLT06AMC11506.pdf,chs,CertStmtCMLT06AMC11506.pdf,15,06,1796111.62
sf.citidirect.com/stfin/docs/137323/CertStmtCMLT06AMC11507.pdf,chs,CertStmtCMLT06AMC11507.pdf,15,07,747965.26
sf.citidirect.com/stfin/docs/138998/CertStmtCMLT06AMC11508.pdf,chs,CertStmtCMLT06AMC11508.pdf,15,08,1142254.01
sf.citidirect.com/stfin/docs/140904/CertStmtCMLT06AMC11509.pdf,chs,CertStmtCMLT06AMC11509.pdf,15,09,1348249.56
sf.citidirect.com/stfin/docs/143268/CertStmtCMLT06AMC11510.pdf,chs,CertStmtCMLT06AMC11510.pdf,15,10,648482.68
sf.citidirect.com/stfin/docs/145399/CertStmtCMLT06AMC11511.pdf,chs,CertStmtCMLT06AMC11511.pdf,15,11,1906841.4
sf.citidirect.com/stfin/docs/147785/CertStmtCMLT06AMC11512.pdf,chs,CertStmtCMLT06AMC11512.pdf,15,12,934245.78
sf.citidirect.com/stfin/docs/104849/CertStmtCMLT06AMC11401.pdf,chs,CertStmtCMLT06AMC11401.pdf,14,01,1870376.86
sf.citidirect.com/stfin/docs/106206/CertStmtCMLT06AMC11402.pdf,chs,CertStmtCMLT06AMC11402.pdf,14,02,1553893.27
sf.citidirect.com/stfin/docs/107555/CertStmtCMLT06AMC11403.pdf,chs,CertStmtCMLT06AMC11403.pdf,14,03,1219355.62
sf.citidirect.com/stfin/docs/109409/CertStmtCMLT06AMC11404.pdf,chs,CertStmtCMLT06AMC11404.pdf,14,04,568524.96
sf.citidirect.com/stfin/docs/110863/CertStmtCMLT06AMC11405.pdf,chs,CertStmtCMLT06AMC11405.pdf,14,05,1418620.92
sf.citidirect.com/stfin/docs/112273/CertStmtCMLT06AMC11406.pdf,chs,CertStmtCMLT06AMC11406.pdf,14,06,600108.41
sf.citidirect.com/stfin/docs/114459/CertStmtCMLT06AMC11407.pdf,chs,CertStmtCMLT06AMC11407.pdf,14,07,1098219.82
sf.citidirect.com/stfin/docs/115546/CertStmtCMLT06AMC11408.pdf,chs,CertStmtCMLT06AMC11408.pdf,14,08,1651359.83
sf.citidirect.com/stfin/docs/117416/CertStmtCMLT06AMC11409.pdf,chs,CertStmtCMLT06AMC11409.pdf,14,09,752122.16
sf.citidirect.com/stfin/docs/119040/CertStmtCMLT06AMC11410.pdf,chs,CertStmtCMLT06AMC11410.pdf,14,10,1182650.63
sf.citidirect.com/stfin/docs/120780/CertStmtCMLT06AMC11411.pdf,chs,CertStmtCMLT06AMC11411.pdf,14,11,467702.18
sf.citidirect.com/stfin/docs/122990/CertStmtCMLT06AMC11412.pdf,chs,CertStmtCMLT06AMC11412.pdf,14,12,319113.27
sf.citidirect.com/stfin/docs/88621/CertStmtCMLT06AMC11301.pdf,chs,CertStmtCMLT06AMC11301.pdf,13,01,2412342.87
sf.citidirect.com/stfin/docs/89955/CertStmtCMLT06AMC11302.pdf,chs,CertStmtCMLT06AMC11302.pdf,13,02,1468767.92
sf.citidirect.com/stfin/docs/90932/CertStmtCMLT06AMC11303.pdf,chs,CertStmtCMLT06AMC11303.pdf,13,03,1040158.02
sf.citidirect.com/stfin/docs/92527/CertStmtCMLT06AMC11304.pdf,chs,CertStmtCMLT06AMC11304.pdf,13,04,1858454.62
sf.citidirect.com/stfin/docs/93586/CertStmtCMLT06AMC11305.pdf,chs,CertStmtCMLT06AMC11305.pdf,13,05,915867.96
sf.citidirect.com/stfin/docs/94861/CertStmtCMLT06AMC11306.pdf,chs,CertStmtCMLT06AMC11306.pdf,13,06,1980856.77
sf.citidirect.com/stfin/docs/96246/CertStmtCMLT06AMC11307.pdf,chs,CertStmtCMLT06AMC11307.pdf,13,07,1049165.23
sf.citidirect.com/stfin/docs/97570/CertStmtCMLT06AMC11308.pdf,chs,CertStmtCMLT06AMC11308.pdf,13,08,1340621.39
sf.citidirect.com/stfin/docs/98999/CertStmtCMLT06AMC11309.pdf,chs,CertStmtCMLT06AMC11309.pdf,13,09,517885.33
sf.citidirect.com/stfin/docs/100490/CertStmtCMLT06AMC11310.pdf,chs,CertStmtCMLT06AMC11310.pdf,13,10,986255.53
sf.citidirect.com/stfin/docs/101736/CertStmtCMLT06AMC11311.pdf,chs,CertStmtCMLT06AMC11311.pdf,13,11,663120.02
sf.citidirect.com/stfin/docs/103129/CertStmtCMLT06AMC11312.pdf,chs,CertStmtCMLT06AMC11312.pdf,13,12,935374.35
sf.citidirect.com/stfin/docs/75060/CertStmtCMLT06AMC11201.pdf,chs,CertStmtCMLT06AMC11201.pdf,12,01,1414209.51
sf.citidirect.com/stfin/docs/76336/CertStmtCMLT06AMC11202.pdf,chs,CertStmtCMLT06AMC11202.pdf,12,02,1317724.95
sf.citidirect.com/stfin/docs/77373/CertStmtCMLT06AMC11203.pdf,chs,CertStmtCMLT06AMC11203.pdf,12,03,1244743.84
sf.citidirect.com/stfin/docs/78242/CertStmtCMLT06AMC11204.pdf,chs,CertStmtCMLT06AMC11204.pdf,12,04,1508303.87
sf.citidirect.com/stfin/docs/79482/CertStmtCMLT06AMC11205.pdf,chs,CertStmtCMLT06AMC11205.pdf,12,05,390994.65
sf.citidirect.com/stfin/docs/80700/CertStmtCMLT06AMC11206.pdf,chs,CertStmtCMLT06AMC11206.pdf,12,06,2496260.34
sf.citidirect.com/stfin/docs/81860/CertStmtCMLT06AMC11207.pdf,chs,CertStmtCMLT06AMC11207.pdf,12,07,978984.37
sf.citidirect.com/stfin/docs/82814/CertStmtCMLT06AMC11208.pdf,chs,CertStmtCMLT06AMC11208.pdf,12,08,1624570.4
sf.citidirect.com/stfin/docs/83752/CertStmtCMLT06AMC11209.pdf,chs,CertStmtCMLT06AMC11209.pdf,12,09,1730834.56
sf.citidirect.com/stfin/docs/84986/CertStmtCMLT06AMC11210.pdf,chs,CertStmtCMLT06AMC11210.pdf,12,10,1534320.89
sf.citidirect.com/stfin/docs/86196/CertStmtCMLT06AMC11211.pdf,chs,CertStmtCMLT06AMC11211.pdf,12,11,2595066.94
sf.citidirect.com/stfin/docs/87304/CertStmtCMLT06AMC11212.pdf,chs,CertStmtCMLT06AMC11212.pdf,12,12,435068.08
sf.citidirect.com/stfin/docs/62940/CertStmtCMLT06AMC11101.pdf,chs,CertStmtCMLT06AMC11101.pdf,11,01,918310.47
sf.citidirect.com/stfin/docs/63939/CertStmtCMLT06AMC11102.pdf,chs,CertStmtCMLT06AMC11102.pdf,11,02,1212907.42
sf.citidirect.com/stfin/docs/64807/CertStmtCMLT06AMC11103.pdf,chs,CertStmtCMLT06AMC11103.pdf,11,03,899103.97
sf.citidirect.com/stfin/docs/65716/CertStmtCMLT06AMC11104.pdf,chs,CertStmtCMLT06AMC11104.pdf,11,04,1684394.32
sf.citidirect.com/stfin/docs/67082/CertStmtCMLT06AMC11105.pdf,chs,CertStmtCMLT06AMC11105.pdf,11,05,2225377.41
sf.citidirect.com/stfin/docs/68044/CertStmtCMLT06AMC11106.pdf,chs,CertStmtCMLT06AMC11106.pdf,11,06,903856.72
sf.citidirect.com/stfin/docs/69013/CertStmtCMLT06AMC11107.pdf,chs,CertStmtCMLT06AMC11107.pdf,11,07,1073827.46
sf.citidirect.com/stfin/docs/70108/CertStmtCMLT06AMC11108.pdf,chs,CertStmtCMLT06AMC11108.pdf,11,08,1673616.46
sf.citidirect.com/stfin/docs/70956/CertStmtCMLT06AMC11109.pdf,chs,CertStmtCMLT06AMC11109.pdf,11,09,1198196.16
sf.citidirect.com/stfin/docs/71921/CertStmtCMLT06AMC11110.pdf,chs,CertStmtCMLT06AMC11110.pdf,11,10,1151080.21
sf.citidirect.com/stfin/docs/73182/CertStmtCMLT06AMC11111.pdf,chs,CertStmtCMLT06AMC11111.pdf,11,11,1857610.46
sf.citidirect.com/stfin/docs/74205/CertStmtCMLT06AMC11112.pdf,chs,CertStmtCMLT06AMC11112.pdf,11,12,1229383.43
sf.citidirect.com/stfin/docs/51700/CertStmtCMLT06AMC11001.pdf,chs,CertStmtCMLT06AMC11001.pdf,10,01,3366054.91
sf.citidirect.com/stfin/docs/52549/CertStmtCMLT06AMC11002.pdf,chs,CertStmtCMLT06AMC11002.pdf,10,02,3427917.1
sf.citidirect.com/stfin/docs/53587/CertStmtCMLT06AMC11003.pdf,chs,CertStmtCMLT06AMC11003.pdf,10,03,36910.47
sf.citidirect.com/stfin/docs/54424/CertStmtCMLT06AMC11004.pdf,chs,CertStmtCMLT06AMC11004.pdf,10,04,1251703.2
sf.citidirect.com/stfin/docs/55372/CertStmtCMLT06AMC11005.pdf,chs,CertStmtCMLT06AMC11005.pdf,10,05,1910007.57
sf.citidirect.com/stfin/docs/56448/CertStmtCMLT06AMC11006.pdf,chs,CertStmtCMLT06AMC11006.pdf,10,06,1677395.66
sf.citidirect.com/stfin/docs/57352/CertStmtCMLT06AMC11007.pdf,chs,CertStmtCMLT06AMC11007.pdf,10,07,1491827.55
sf.citidirect.com/stfin/docs/58310/CertStmtCMLT06AMC11008.pdf,chs,CertStmtCMLT06AMC11008.pdf,10,08,1277387.07
sf.citidirect.com/stfin/docs/59179/CertStmtCMLT06AMC11009.pdf,chs,CertStmtCMLT06AMC11009.pdf,10,09,911783.48
sf.citidirect.com/stfin/docs/60077/CertStmtCMLT06AMC11010.pdf,chs,CertStmtCMLT06AMC11010.pdf,10,10,744503.82
sf.citidirect.com/stfin/docs/61038/CertStmtCMLT06AMC11011.pdf,chs,CertStmtCMLT06AMC11011.pdf,10,11,586775.15
sf.citidirect.com/stfin/docs/61867/CertStmtCMLT06AMC11012.pdf,chs,CertStmtCMLT06AMC11012.pdf,10,12,362317.79
sf.citidirect.com/stfin/docs/41111/CertStmtCMLT06AMC10901.pdf,chs,CertStmtCMLT06AMC10901.pdf,09,01,6471179.32
sf.citidirect.com/stfin/docs/41918/CertStmtCMLT06AMC10902.pdf,chs,CertStmtCMLT06AMC10902.pdf,09,02,8846781.37
sf.citidirect.com/stfin/docs/42802/CertStmtCMLT06AMC10903.pdf,chs,CertStmtCMLT06AMC10903.pdf,09,03,2793995.17
sf.citidirect.com/stfin/docs/43612/CertStmtCMLT06AMC10904.pdf,chs,CertStmtCMLT06AMC10904.pdf,09,04,6592494.23
sf.citidirect.com/stfin/docs/44189/CertStmtCMLT06AMC10905.pdf,chs,CertStmtCMLT06AMC10905.pdf,09,05,2286964.03
sf.citidirect.com/stfin/docs/45067/CertStmtCMLT06AMC10906.pdf,chs,CertStmtCMLT06AMC10906.pdf,09,06,5017216.18
sf.citidirect.com/stfin/docs/46331/CertStmtCMLT06AMC10907.pdf,chs,CertStmtCMLT06AMC10907.pdf,09,07,6798206.6
sf.citidirect.com/stfin/docs/47010/CertStmtCMLT06AMC10908.pdf,chs,CertStmtCMLT06AMC10908.pdf,09,08,5068906.2
sf.citidirect.com/stfin/docs/48021/CertStmtCMLT06AMC10909.pdf,chs,CertStmtCMLT06AMC10909.pdf,09,09,5789578.05
sf.citidirect.com/stfin/docs/48893/CertStmtCMLT06AMC10910.pdf,chs,CertStmtCMLT06AMC10910.pdf,09,10,6295900.6
sf.citidirect.com/stfin/docs/49755/CertStmtCMLT06AMC10911.pdf,chs,CertStmtCMLT06AMC10911.pdf,09,11,4557555.0
sf.citidirect.com/stfin/docs/50669/CertStmtCMLT06AMC10912.pdf,chs,CertStmtCMLT06AMC10912.pdf,09,12,3919558.03
sf.citidirect.com/stfin/docs/30631/CertStmtCMLT06AMC10801.pdf,chs,CertStmtCMLT06AMC10801.pdf,08,01,7986583.1
sf.citidirect.com/stfin/docs/31569/CertStmtCMLT06AMC10802.pdf,chs,CertStmtCMLT06AMC10802.pdf,08,02,6095204.34
sf.citidirect.com/stfin/docs/32213/CertStmtCMLT06AMC10803.pdf,chs,CertStmtCMLT06AMC10803.pdf,08,03,9314307.15
sf.citidirect.com/stfin/docs/33428/certstmtcmlt06amc10804.pdf,chs,certstmtcmlt06amc10804.pdf,08,04,8083963.91
sf.citidirect.com/stfin/docs/34285/CertStmtCMLT06AMC10805.pdf,chs,CertStmtCMLT06AMC10805.pdf,08,05,9251312.25
sf.citidirect.com/stfin/docs/35226/CertStmtCMLT06AMC10806.pdf,chs,CertStmtCMLT06AMC10806.pdf,08,06,8344596.42
sf.citidirect.com/stfin/docs/35687/CertStmtCMLT06AMC10807.pdf,chs,CertStmtCMLT06AMC10807.pdf,08,07,11497547.23
sf.citidirect.com/stfin/docs/36477/CertStmtCMLT06AMC10808.pdf,chs,CertStmtCMLT06AMC10808.pdf,08,08,12744506.64
sf.citidirect.com/stfin/docs/37720/CertStmtCMLT06AMC10809.pdf,chs,CertStmtCMLT06AMC10809.pdf,08,09,8944244.81
sf.citidirect.com/stfin/docs/38304/CertStmtCMLT06AMC10810.pdf,chs,CertStmtCMLT06AMC10810.pdf,08,10,10895739.9
sf.citidirect.com/stfin/docs/39207/CertStmtCMLT06AMC10811.pdf,chs,CertStmtCMLT06AMC10811.pdf,08,11,10805703.88
sf.citidirect.com/stfin/docs/40223/CertStmtCMLT06AMC10812.pdf,chs,CertStmtCMLT06AMC10812.pdf,08,12,7466923.2
sf.citidirect.com/stfin/docs/20913/CertStmtCMLT06AMC10701.pdf,chs,CertStmtCMLT06AMC10701.pdf,07,01,60094953.04
sf.citidirect.com/stfin/docs/21385/CertStmtCMLT06AMC10702.pdf,chs,CertStmtCMLT06AMC10702.pdf,07,02,25012377.15
sf.citidirect.com/stfin/docs/22231/certstmtcmlt06amc10703.pdf,chs,certstmtcmlt06amc10703.pdf,07,03,20280417.88
sf.citidirect.com/stfin/docs/22926/CertStmtCMLT06AMC10704.pdf,chs,CertStmtCMLT06AMC10704.pdf,07,04,21916460.73
sf.citidirect.com/stfin/docs/23615/CertStmtCMLT06AMC10705.pdf,chs,CertStmtCMLT06AMC10705.pdf,07,05,18589548.04
sf.citidirect.com/stfin/docs/24492/CertStmtCMLT06AMC10706.pdf,chs,CertStmtCMLT06AMC10706.pdf,07,06,17542778.1
sf.citidirect.com/stfin/docs/25218/CertStmtCMLT06AMC10707.pdf,chs,CertStmtCMLT06AMC10707.pdf,07,07,21172328.47
sf.citidirect.com/stfin/docs/26054/CertStmtCMLT06AMC10708.pdf,chs,CertStmtCMLT06AMC10708.pdf,07,08,19131295.24
sf.citidirect.com/stfin/docs/28166/CertStmtCMLT06AMC10710.pdf,chs,CertStmtCMLT06AMC10710.pdf,07,10,10765095.8
sf.citidirect.com/stfin/docs/29025/CertStmtCMLT06AMC10711.pdf,chs,CertStmtCMLT06AMC10711.pdf,07,11,9586824.92
sf.citidirect.com/stfin/docs/29902/CertStmtCMLT06AMC10712.pdf,chs,CertStmtCMLT06AMC10712.pdf,07,12,8697183.76
sf.citidirect.com/stfin/docs/18884/CertStmtCMLT06AMC10610.pdf,chs,CertStmtCMLT06AMC10610.pdf,06,10,22990481.96
sf.citidirect.com/stfin/docs/19458/certstmtcmlt06amc10611.pdf,chs,certstmtcmlt06amc10611.pdf,06,11,41618161.75
sf.citidirect.com/stfin/docs/20281/CertStmtCMLT06AMC10612.pdf,chs,CertStmtCMLT06AMC10612.pdf,06,12,26363234.61
sf.citidirect.com/stfin/docs/738020/LoanDetailCMLT06AMC12401.csv,ellt,LoanDetailCMLT06AMC12401.csv,24,01,
sf.citidirect.com/stfin/docs/634306/LoanDetailCMLT06AMC12301.csv,ellt,LoanDetailCMLT06AMC12301.csv,23,01,
sf.citidirect.com/stfin/docs/640663/LoanDetailCMLT06AMC12302.csv,ellt,LoanDetailCMLT06AMC12302.csv,23,02,
sf.citidirect.com/stfin/docs/646434/LoanDetailCMLT06AMC12303.csv,ellt,LoanDetailCMLT06AMC12303.csv,23,03,
sf.citidirect.com/stfin/docs/656725/LoanDetailCMLT06AMC12304.csv,ellt,LoanDetailCMLT06AMC12304.csv,23,04,
sf.citidirect.com/stfin/docs/665444/LoanDetailCMLT06AMC12305.csv,ellt,LoanDetailCMLT06AMC12305.csv,23,05,
sf.citidirect.com/stfin/docs/674075/LoanDetailCMLT06AMC12306.csv,ellt,LoanDetailCMLT06AMC12306.csv,23,06,
sf.citidirect.com/stfin/docs/684264/LoanDetailCMLT06AMC12307.csv,ellt,LoanDetailCMLT06AMC12307.csv,23,07,
sf.citidirect.com/stfin/docs/692371/LoanDetailCMLT06AMC12308.csv,ellt,LoanDetailCMLT06AMC12308.csv,23,08,
sf.citidirect.com/stfin/docs/703458/LoanDetailCMLT06AMC12309.csv,ellt,LoanDetailCMLT06AMC12309.csv,23,09,
sf.citidirect.com/stfin/docs/710492/LoanDetailCMLT06AMC12310.csv,ellt,LoanDetailCMLT06AMC12310.csv,23,10,
sf.citidirect.com/stfin/docs/721301/LoanDetailCMLT06AMC12311.csv,ellt,LoanDetailCMLT06AMC12311.csv,23,11,
sf.citidirect.com/stfin/docs/728909/LoanDetailCMLT06AMC12312.csv,ellt,LoanDetailCMLT06AMC12312.csv,23,12,
sf.citidirect.com/stfin/docs/534584/LoanDetailCMLT06AMC12201.csv,ellt,LoanDetailCMLT06AMC12201.csv,22,01,
sf.citidirect.com/stfin/docs/541529/LoanDetailCMLT06AMC12202.csv,ellt,LoanDetailCMLT06AMC12202.csv,22,02,
sf.citidirect.com/stfin/docs/549493/LoanDetailCMLT06AMC12203.csv,ellt,LoanDetailCMLT06AMC12203.csv,22,03,
sf.citidirect.com/stfin/docs/556321/LoanDetailCMLT06AMC12204.csv,ellt,LoanDetailCMLT06AMC12204.csv,22,04,
sf.citidirect.com/stfin/docs/566292/LoanDetailCMLT06AMC12205.csv,ellt,LoanDetailCMLT06AMC12205.csv,22,05,
sf.citidirect.com/stfin/docs/574603/LoanDetailCMLT06AMC12206.csv,ellt,LoanDetailCMLT06AMC12206.csv,22,06,
sf.citidirect.com/stfin/docs/580327/LoanDetailCMLT06AMC12207.csv,ellt,LoanDetailCMLT06AMC12207.csv,22,07,
sf.citidirect.com/stfin/docs/588256/LoanDetailCMLT06AMC12208.csv,ellt,LoanDetailCMLT06AMC12208.csv,22,08,
sf.citidirect.com/stfin/docs/597622/LoanDetailCMLT06AMC12209.csv,ellt,LoanDetailCMLT06AMC12209.csv,22,09,
sf.citidirect.com/stfin/docs/605122/LoanDetailCMLT06AMC12210.csv,ellt,LoanDetailCMLT06AMC12210.csv,22,10,
sf.citidirect.com/stfin/docs/613161/LoanDetailCMLT06AMC12211.csv,ellt,LoanDetailCMLT06AMC12211.csv,22,11,
sf.citidirect.com/stfin/docs/620330/LoanDetailCMLT06AMC12212.csv,ellt,LoanDetailCMLT06AMC12212.csv,22,12,
sf.citidirect.com/stfin/docs/450375/LoanDetailCMLT06AMC12101.csv,ellt,LoanDetailCMLT06AMC12101.csv,21,01,
sf.citidirect.com/stfin/docs/457559/LoanDetailCMLT06AMC12102.csv,ellt,LoanDetailCMLT06AMC12102.csv,21,02,
sf.citidirect.com/stfin/docs/463123/LoanDetailCMLT06AMC12103.csv,ellt,LoanDetailCMLT06AMC12103.csv,21,03,
sf.citidirect.com/stfin/docs/470438/LoanDetailCMLT06AMC12104.csv,ellt,LoanDetailCMLT06AMC12104.csv,21,04,
sf.citidirect.com/stfin/docs/477229/LoanDetailCMLT06AMC12105.csv,ellt,LoanDetailCMLT06AMC12105.csv,21,05,
sf.citidirect.com/stfin/docs/483294/LoanDetailCMLT06AMC12106.csv,ellt,LoanDetailCMLT06AMC12106.csv,21,06,
sf.citidirect.com/stfin/docs/489857/LoanDetailCMLT06AMC12107.csv,ellt,LoanDetailCMLT06AMC12107.csv,21,07,
sf.citidirect.com/stfin/docs/497793/LoanDetailCMLT06AMC12108.csv,ellt,LoanDetailCMLT06AMC12108.csv,21,08,
sf.citidirect.com/stfin/docs/504856/LoanDetailCMLT06AMC12109.csv,ellt,LoanDetailCMLT06AMC12109.csv,21,09,
sf.citidirect.com/stfin/docs/512188/LoanDetailCMLT06AMC12110.csv,ellt,LoanDetailCMLT06AMC12110.csv,21,10,
sf.citidirect.com/stfin/docs/520540/LoanDetailCMLT06AMC12111.csv,ellt,LoanDetailCMLT06AMC12111.csv,21,11,
sf.citidirect.com/stfin/docs/527847/LoanDetailCMLT06AMC12112.csv,ellt,LoanDetailCMLT06AMC12112.csv,21,12,
sf.citidirect.com/stfin/docs/376562/LoanDetailCMLT06AMC12001.csv,ellt,LoanDetailCMLT06AMC12001.csv,20,01,
sf.citidirect.com/stfin/docs/383741/LoanDetailCMLT06AMC12002.csv,ellt,LoanDetailCMLT06AMC12002.csv,20,02,
sf.citidirect.com/stfin/docs/388710/LoanDetailCMLT06AMC12003.csv,ellt,LoanDetailCMLT06AMC12003.csv,20,03,
sf.citidirect.com/stfin/docs/395835/LoanDetailCMLT06AMC12004.csv,ellt,LoanDetailCMLT06AMC12004.csv,20,04,
sf.citidirect.com/stfin/docs/402070/LoanDetailCMLT06AMC12005.csv,ellt,LoanDetailCMLT06AMC12005.csv,20,05,
sf.citidirect.com/stfin/docs/407129/LoanDetailCMLT06AMC12006.csv,ellt,LoanDetailCMLT06AMC12006.csv,20,06,
sf.citidirect.com/stfin/docs/414352/LoanDetailCMLT06AMC12007.csv,ellt,LoanDetailCMLT06AMC12007.csv,20,07,
sf.citidirect.com/stfin/docs/419991/LoanDetailCMLT06AMC12008.csv,ellt,LoanDetailCMLT06AMC12008.csv,20,08,
sf.citidirect.com/stfin/docs/425760/LoanDetailCMLT06AMC12009.csv,ellt,LoanDetailCMLT06AMC12009.csv,20,09,
sf.citidirect.com/stfin/docs/432174/LoanDetailCMLT06AMC12010.csv,ellt,LoanDetailCMLT06AMC12010.csv,20,10,
sf.citidirect.com/stfin/docs/437611/LoanDetailCMLT06AMC12011.csv,ellt,LoanDetailCMLT06AMC12011.csv,20,11,
sf.citidirect.com/stfin/docs/443050/LoanDetailCMLT06AMC12012.csv,ellt,LoanDetailCMLT06AMC12012.csv,20,12,
sf.citidirect.com/stfin/docs/296442/LoanDetailCMLT06AMC11901.csv,ellt,LoanDetailCMLT06AMC11901.csv,19,01,
sf.citidirect.com/stfin/docs/301507/LoanDetailCMLT06AMC11902.csv,ellt,LoanDetailCMLT06AMC11902.csv,19,02,
sf.citidirect.com/stfin/docs/313187/LoanDetailCMLT06AMC11903.csv,ellt,LoanDetailCMLT06AMC11903.csv,19,03,
sf.citidirect.com/stfin/docs/320816/LoanDetailCMLT06AMC11904.csv,ellt,LoanDetailCMLT06AMC11904.csv,19,04,
sf.citidirect.com/stfin/docs/335265/LoanDetailCMLT06AMC11905.csv,ellt,LoanDetailCMLT06AMC11905.csv,19,05,
sf.citidirect.com/stfin/docs/339326/LoanDetailCMLT06AMC11906.csv,ellt,LoanDetailCMLT06AMC11906.csv,19,06,
sf.citidirect.com/stfin/docs/344078/LoanDetailCMLT06AMC11907.csv,ellt,LoanDetailCMLT06AMC11907.csv,19,07,
sf.citidirect.com/stfin/docs/349026/LoanDetailCMLT06AMC11908.csv,ellt,LoanDetailCMLT06AMC11908.csv,19,08,
sf.citidirect.com/stfin/docs/353778/LoanDetailCMLT06AMC11909.csv,ellt,LoanDetailCMLT06AMC11909.csv,19,09,
sf.citidirect.com/stfin/docs/358208/LoanDetailCMLT06AMC11910.csv,ellt,LoanDetailCMLT06AMC11910.csv,19,10,
sf.citidirect.com/stfin/docs/363744/LoanDetailCMLT06AMC11911.csv,ellt,LoanDetailCMLT06AMC11911.csv,19,11,
sf.citidirect.com/stfin/docs/371351/LoanDetailCMLT06AMC11912.csv,ellt,LoanDetailCMLT06AMC11912.csv,19,12,
sf.citidirect.com/stfin/docs/234973/LoanDetailCMLT06AMC11801.csv,ellt,LoanDetailCMLT06AMC11801.csv,18,01,
sf.citidirect.com/stfin/docs/238423/LoanDetailCMLT06AMC11802.csv,ellt,LoanDetailCMLT06AMC11802.csv,18,02,
sf.citidirect.com/stfin/docs/242243/LoanDetailCMLT06AMC11803.csv,ellt,LoanDetailCMLT06AMC11803.csv,18,03,
sf.citidirect.com/stfin/docs/247316/LoanDetailCMLT06AMC11804.csv,ellt,LoanDetailCMLT06AMC11804.csv,18,04,
sf.citidirect.com/stfin/docs/252006/LoanDetailCMLT06AMC11805.csv,ellt,LoanDetailCMLT06AMC11805.csv,18,05,
sf.citidirect.com/stfin/docs/254611/LoanDetailCMLT06AMC11806.csv,ellt,LoanDetailCMLT06AMC11806.csv,18,06,
sf.citidirect.com/stfin/docs/259619/LoanDetailCMLT06AMC11807.csv,ellt,LoanDetailCMLT06AMC11807.csv,18,07,
sf.citidirect.com/stfin/docs/263708/LoanDetailCMLT06AMC11808.csv,ellt,LoanDetailCMLT06AMC11808.csv,18,08,
sf.citidirect.com/stfin/docs/268308/LoanDetailCMLT06AMC11809.csv,ellt,LoanDetailCMLT06AMC11809.csv,18,09,
sf.citidirect.com/stfin/docs/272423/LoanDetailCMLT06AMC11810.csv,ellt,LoanDetailCMLT06AMC11810.csv,18,10,
sf.citidirect.com/stfin/docs/276533/LoanDetailCMLT06AMC11811.csv,ellt,LoanDetailCMLT06AMC11811.csv,18,11,
sf.citidirect.com/stfin/docs/292453/LoanDetailCMLT06AMC11812.csv,ellt,LoanDetailCMLT06AMC11812.csv,18,12,
sf.citidirect.com/stfin/docs/194924/LoanDetailCMLT06AMC11701.csv,ellt,LoanDetailCMLT06AMC11701.csv,17,01,
sf.citidirect.com/stfin/docs/197942/LoanDetailCMLT06AMC11702.csv,ellt,LoanDetailCMLT06AMC11702.csv,17,02,
sf.citidirect.com/stfin/docs/200489/LoanDetailCMLT06AMC11703.csv,ellt,LoanDetailCMLT06AMC11703.csv,17,03,
sf.citidirect.com/stfin/docs/203146/LoanDetailCMLT06AMC11704.csv,ellt,LoanDetailCMLT06AMC11704.csv,17,04,
sf.citidirect.com/stfin/docs/206183/LoanDetailCMLT06AMC11705.csv,ellt,LoanDetailCMLT06AMC11705.csv,17,05,
sf.citidirect.com/stfin/docs/209044/LoanDetailCMLT06AMC11706.csv,ellt,LoanDetailCMLT06AMC11706.csv,17,06,
sf.citidirect.com/stfin/docs/213311/LoanDetailCMLT06AMC11707.csv,ellt,LoanDetailCMLT06AMC11707.csv,17,07,
sf.citidirect.com/stfin/docs/216487/LoanDetailCMLT06AMC11708.csv,ellt,LoanDetailCMLT06AMC11708.csv,17,08,
sf.citidirect.com/stfin/docs/219830/LoanDetailCMLT06AMC11709.csv,ellt,LoanDetailCMLT06AMC11709.csv,17,09,
sf.citidirect.com/stfin/docs/223418/LoanDetailCMLT06AMC11710.csv,ellt,LoanDetailCMLT06AMC11710.csv,17,10,
sf.citidirect.com/stfin/docs/227396/LoanDetailCMLT06AMC11711.csv,ellt,LoanDetailCMLT06AMC11711.csv,17,11,
sf.citidirect.com/stfin/docs/230901/LoanDetailCMLT06AMC11712.csv,ellt,LoanDetailCMLT06AMC11712.csv,17,12,
sf.citidirect.com/stfin/docs/149737/LoanDetailCMLT06AMC11601.csv,ellt,LoanDetailCMLT06AMC11601.csv,16,01,
sf.citidirect.com/stfin/docs/151912/LoanDetailCMLT06AMC11602.csv,ellt,LoanDetailCMLT06AMC11602.csv,16,02,
sf.citidirect.com/stfin/docs/154105/LoanDetailCMLT06AMC11603.csv,ellt,LoanDetailCMLT06AMC11603.csv,16,03,
sf.citidirect.com/stfin/docs/164931/LoanDetailCMLT06AMC11604.csv,ellt,LoanDetailCMLT06AMC11604.csv,16,04,
sf.citidirect.com/stfin/docs/167152/LoanDetailCMLT06AMC11605.csv,ellt,LoanDetailCMLT06AMC11605.csv,16,05,
sf.citidirect.com/stfin/docs/176415/LoanDetailCMLT06AMC11606.csv,ellt,LoanDetailCMLT06AMC11606.csv,16,06,
sf.citidirect.com/stfin/docs/179023/LoanDetailCMLT06AMC11607.csv,ellt,LoanDetailCMLT06AMC11607.csv,16,07,
sf.citidirect.com/stfin/docs/181724/LoanDetailCMLT06AMC11608.csv,ellt,LoanDetailCMLT06AMC11608.csv,16,08,
sf.citidirect.com/stfin/docs/183515/LoanDetailCMLT06AMC11609.csv,ellt,LoanDetailCMLT06AMC11609.csv,16,09,
sf.citidirect.com/stfin/docs/187702/LoanDetailCMLT06AMC11610.csv,ellt,LoanDetailCMLT06AMC11610.csv,16,10,
sf.citidirect.com/stfin/docs/189510/LoanDetailCMLT06AMC11611.csv,ellt,LoanDetailCMLT06AMC11611.csv,16,11,
sf.citidirect.com/stfin/docs/192675/LoanDetailCMLT06AMC11612.csv,ellt,LoanDetailCMLT06AMC11612.csv,16,12,
sf.citidirect.com/stfin/docs/124635/LoanDetailCMLT06AMC11501.csv,ellt,LoanDetailCMLT06AMC11501.csv,15,01,
sf.citidirect.com/stfin/docs/126825/LoanDetailCMLT06AMC11502.csv,ellt,LoanDetailCMLT06AMC11502.csv,15,02,
sf.citidirect.com/stfin/docs/128752/LoanDetailCMLT06AMC11503.csv,ellt,LoanDetailCMLT06AMC11503.csv,15,03,
sf.citidirect.com/stfin/docs/130723/LoanDetailCMLT06AMC11504.csv,ellt,LoanDetailCMLT06AMC11504.csv,15,04,
sf.citidirect.com/stfin/docs/132694/LoanDetailCMLT06AMC11505.csv,ellt,LoanDetailCMLT06AMC11505.csv,15,05,
sf.citidirect.com/stfin/docs/134750/LoanDetailCMLT06AMC11506.csv,ellt,LoanDetailCMLT06AMC11506.csv,15,06,
sf.citidirect.com/stfin/docs/137332/LoanDetailCMLT06AMC11507.csv,ellt,LoanDetailCMLT06AMC11507.csv,15,07,
sf.citidirect.com/stfin/docs/139048/LoanDetailCMLT06AMC11508.csv,ellt,LoanDetailCMLT06AMC11508.csv,15,08,
sf.citidirect.com/stfin/docs/140928/LoanDetailCMLT06AMC11509.csv,ellt,LoanDetailCMLT06AMC11509.csv,15,09,
sf.citidirect.com/stfin/docs/143307/LoanDetailCMLT06AMC11510.csv,ellt,LoanDetailCMLT06AMC11510.csv,15,10,
sf.citidirect.com/stfin/docs/145443/LoanDetailCMLT06AMC11511.csv,ellt,LoanDetailCMLT06AMC11511.csv,15,11,
sf.citidirect.com/stfin/docs/147801/LoanDetailCMLT06AMC11512.csv,ellt,LoanDetailCMLT06AMC11512.csv,15,12,
sf.citidirect.com/stfin/docs/104870/LoanDetailCMLT06AMC11401.csv,ellt,LoanDetailCMLT06AMC11401.csv,14,01,
sf.citidirect.com/stfin/docs/106235/LoanDetailCMLT06AMC11402.csv,ellt,LoanDetailCMLT06AMC11402.csv,14,02,
sf.citidirect.com/stfin/docs/107587/LoanDetailCMLT06AMC11403.csv,ellt,LoanDetailCMLT06AMC11403.csv,14,03,
sf.citidirect.com/stfin/docs/109430/LoanDetailCMLT06AMC11404.csv,ellt,LoanDetailCMLT06AMC11404.csv,14,04,
sf.citidirect.com/stfin/docs/110915/LoanDetailCMLT06AMC11405.csv,ellt,LoanDetailCMLT06AMC11405.csv,14,05,
sf.citidirect.com/stfin/docs/112294/LoanDetailCMLT06AMC11406.csv,ellt,LoanDetailCMLT06AMC11406.csv,14,06,
sf.citidirect.com/stfin/docs/114475/LoanDetailCMLT06AMC11407.csv,ellt,LoanDetailCMLT06AMC11407.csv,14,07,
sf.citidirect.com/stfin/docs/115568/LoanDetailCMLT06AMC11408.csv,ellt,LoanDetailCMLT06AMC11408.csv,14,08,
sf.citidirect.com/stfin/docs/117437/LoanDetailCMLT06AMC11409.csv,ellt,LoanDetailCMLT06AMC11409.csv,14,09,
sf.citidirect.com/stfin/docs/119055/LoanDetailCMLT06AMC11410.csv,ellt,LoanDetailCMLT06AMC11410.csv,14,10,
sf.citidirect.com/stfin/docs/120826/LoanDetailCMLT06AMC11411.csv,ellt,LoanDetailCMLT06AMC11411.csv,14,11,
sf.citidirect.com/stfin/docs/123006/LoanDetailCMLT06AMC11412.csv,ellt,LoanDetailCMLT06AMC11412.csv,14,12,
sf.citidirect.com/stfin/docs/88642/LoanDetailCMLT06AMC11301.csv,ellt,LoanDetailCMLT06AMC11301.csv,13,01,
sf.citidirect.com/stfin/docs/89974/LoanDetailCMLT06AMC11302.csv,ellt,LoanDetailCMLT06AMC11302.csv,13,02,
sf.citidirect.com/stfin/docs/90953/LoanDetailCMLT06AMC11303.csv,ellt,LoanDetailCMLT06AMC11303.csv,13,03,
sf.citidirect.com/stfin/docs/92548/LoanDetailCMLT06AMC11304.csv,ellt,LoanDetailCMLT06AMC11304.csv,13,04,
sf.citidirect.com/stfin/docs/93605/LoanDetailCMLT06AMC11305.csv,ellt,LoanDetailCMLT06AMC11305.csv,13,05,
sf.citidirect.com/stfin/docs/95109/LoanDetailCMLT06AMC11306.csv,ellt,LoanDetailCMLT06AMC11306.csv,13,06,
sf.citidirect.com/stfin/docs/96264/LoanDetailCMLT06AMC11307.csv,ellt,LoanDetailCMLT06AMC11307.csv,13,07,
sf.citidirect.com/stfin/docs/97591/LoanDetailCMLT06AMC11308.csv,ellt,LoanDetailCMLT06AMC11308.csv,13,08,
sf.citidirect.com/stfin/docs/99167/LoanDetailCMLT06AMC11309.csv,ellt,LoanDetailCMLT06AMC11309.csv,13,09,
sf.citidirect.com/stfin/docs/100512/LoanDetailCMLT06AMC11310.csv,ellt,LoanDetailCMLT06AMC11310.csv,13,10,
sf.citidirect.com/stfin/docs/101766/LoanDetailCMLT06AMC11311.csv,ellt,LoanDetailCMLT06AMC11311.csv,13,11,
sf.citidirect.com/stfin/docs/103150/LoanDetailCMLT06AMC11312.csv,ellt,LoanDetailCMLT06AMC11312.csv,13,12,
sf.citidirect.com/stfin/docs/75082/LoanDetailCMLT06AMC11201.csv,ellt,LoanDetailCMLT06AMC11201.csv,12,01,
sf.citidirect.com/stfin/docs/76387/LoanDetailCMLT06AMC11202.csv,ellt,LoanDetailCMLT06AMC11202.csv,12,02,
sf.citidirect.com/stfin/docs/77398/LoanDetailCMLT06AMC11203.csv,ellt,LoanDetailCMLT06AMC11203.csv,12,03,
sf.citidirect.com/stfin/docs/78267/LoanDetailCMLT06AMC11204.csv,ellt,LoanDetailCMLT06AMC11204.csv,12,04,
sf.citidirect.com/stfin/docs/79494/LoanDetailCMLT06AMC11205.csv,ellt,LoanDetailCMLT06AMC11205.csv,12,05,
sf.citidirect.com/stfin/docs/80725/LoanDetailCMLT06AMC11206.csv,ellt,LoanDetailCMLT06AMC11206.csv,12,06,
sf.citidirect.com/stfin/docs/81885/LoanDetailCMLT06AMC11207.csv,ellt,LoanDetailCMLT06AMC11207.csv,12,07,
sf.citidirect.com/stfin/docs/82892/LoanDetailCMLT06AMC11208.csv,ellt,LoanDetailCMLT06AMC11208.csv,12,08,
sf.citidirect.com/stfin/docs/83774/LoanDetailCMLT06AMC11209.csv,ellt,LoanDetailCMLT06AMC11209.csv,12,09,
sf.citidirect.com/stfin/docs/85010/LoanDetailCMLT06AMC11210.csv,ellt,LoanDetailCMLT06AMC11210.csv,12,10,
sf.citidirect.com/stfin/docs/86248/LoanDetailCMLT06AMC11211.csv,ellt,LoanDetailCMLT06AMC11211.csv,12,11,
sf.citidirect.com/stfin/docs/87319/LoanDetailCMLT06AMC11212.csv,ellt,LoanDetailCMLT06AMC11212.csv,12,12,
sf.citidirect.com/stfin/docs/62966/LoanDetailCMLT06AMC11101.csv,ellt,LoanDetailCMLT06AMC11101.csv,11,01,
sf.citidirect.com/stfin/docs/63963/LoanDetailCMLT06AMC11102.csv,ellt,LoanDetailCMLT06AMC11102.csv,11,02,
sf.citidirect.com/stfin/docs/64866/LoanDetailCMLT06AMC11103.csv,ellt,LoanDetailCMLT06AMC11103.csv,11,03,
sf.citidirect.com/stfin/docs/65744/LoanDetailCMLT06AMC11104.csv,ellt,LoanDetailCMLT06AMC11104.csv,11,04,
sf.citidirect.com/stfin/docs/67095/LoanDetailCMLT06AMC11105.csv,ellt,LoanDetailCMLT06AMC11105.csv,11,05,
sf.citidirect.com/stfin/docs/68062/LoanDetailCMLT06AMC11106.csv,ellt,LoanDetailCMLT06AMC11106.csv,11,06,
sf.citidirect.com/stfin/docs/69041/LoanDetailCMLT06AMC11107.csv,ellt,LoanDetailCMLT06AMC11107.csv,11,07,
sf.citidirect.com/stfin/docs/70133/LoanDetailCMLT06AMC11108.csv,ellt,LoanDetailCMLT06AMC11108.csv,11,08,
sf.citidirect.com/stfin/docs/70998/LoanDetailCMLT06AMC11109.csv,ellt,LoanDetailCMLT06AMC11109.csv,11,09,
sf.citidirect.com/stfin/docs/71967/LoanDetailCMLT06AMC11110.csv,ellt,LoanDetailCMLT06AMC11110.csv,11,10,
sf.citidirect.com/stfin/docs/73224/LoanDetailCMLT06AMC11111.csv,ellt,LoanDetailCMLT06AMC11111.csv,11,11,
sf.citidirect.com/stfin/docs/74230/LoanDetailCMLT06AMC11112.csv,ellt,LoanDetailCMLT06AMC11112.csv,11,12,
sf.citidirect.com/stfin/docs/51718/LoanDetailCMLT06AMC11001.csv,ellt,LoanDetailCMLT06AMC11001.csv,10,01,
sf.citidirect.com/stfin/docs/52580/LoanDetailCMLT06AMC11002.csv,ellt,LoanDetailCMLT06AMC11002.csv,10,02,
sf.citidirect.com/stfin/docs/53613/LoanDetailCMLT06AMC11003.csv,ellt,LoanDetailCMLT06AMC11003.csv,10,03,
sf.citidirect.com/stfin/docs/54436/LoanDetailCMLT06AMC11004.csv,ellt,LoanDetailCMLT06AMC11004.csv,10,04,
sf.citidirect.com/stfin/docs/55394/LoanDetailCMLT06AMC11005.csv,ellt,LoanDetailCMLT06AMC11005.csv,10,05,
sf.citidirect.com/stfin/docs/56465/LoanDetailCMLT06AMC11006.csv,ellt,LoanDetailCMLT06AMC11006.csv,10,06,
sf.citidirect.com/stfin/docs/57372/LoanDetailCMLT06AMC11007.csv,ellt,LoanDetailCMLT06AMC11007.csv,10,07,
sf.citidirect.com/stfin/docs/58312/LoanDetailCMLT06AMC11008.csv,ellt,LoanDetailCMLT06AMC11008.csv,10,08,
sf.citidirect.com/stfin/docs/59201/LoanDetailCMLT06AMC11009.csv,ellt,LoanDetailCMLT06AMC11009.csv,10,09,
sf.citidirect.com/stfin/docs/60103/LoanDetailCMLT06AMC11010.csv,ellt,LoanDetailCMLT06AMC11010.csv,10,10,
sf.citidirect.com/stfin/docs/61074/LoanDetailCMLT06AMC11011.csv,ellt,LoanDetailCMLT06AMC11011.csv,10,11,
sf.citidirect.com/stfin/docs/62052/LoanDetailCMLT06AMC11012.csv,ellt,LoanDetailCMLT06AMC11012.csv,10,12,
sf.citidirect.com/stfin/docs/41114/LoanDetailCMLT06AMC10901.csv,ellt,LoanDetailCMLT06AMC10901.csv,09,01,
sf.citidirect.com/stfin/docs/41941/LoanDetailCMLT06AMC10902.csv,ellt,LoanDetailCMLT06AMC10902.csv,09,02,
sf.citidirect.com/stfin/docs/42805/LoanDetailCMLT06AMC10903.csv,ellt,LoanDetailCMLT06AMC10903.csv,09,03,
sf.citidirect.com/stfin/docs/43615/LoanDetailCMLT06AMC10904.csv,ellt,LoanDetailCMLT06AMC10904.csv,09,04,
sf.citidirect.com/stfin/docs/44452/LoanDetailCMLT06AMC10905.csv,ellt,LoanDetailCMLT06AMC10905.csv,09,05,
sf.citidirect.com/stfin/docs/45100/LoanDetailCMLT06AMC10906.csv,ellt,LoanDetailCMLT06AMC10906.csv,09,06,
sf.citidirect.com/stfin/docs/46339/LoanDetailCMLT06AMC10907.csv,ellt,LoanDetailCMLT06AMC10907.csv,09,07,
sf.citidirect.com/stfin/docs/47037/LoanDetailCMLT06AMC10908.csv,ellt,LoanDetailCMLT06AMC10908.csv,09,08,
sf.citidirect.com/stfin/docs/48034/LoanDetailCMLT06AMC10909.csv,ellt,LoanDetailCMLT06AMC10909.csv,09,09,
sf.citidirect.com/stfin/docs/48914/LoanDetailCMLT06AMC10910.csv,ellt,LoanDetailCMLT06AMC10910.csv,09,10,
sf.citidirect.com/stfin/docs/49781/LoanDetailCMLT06AMC10911.csv,ellt,LoanDetailCMLT06AMC10911.csv,09,11,
sf.citidirect.com/stfin/docs/50688/LoanDetailCMLT06AMC10912.csv,ellt,LoanDetailCMLT06AMC10912.csv,09,12,
sf.citidirect.com/stfin/docs/30909/LoanDetailCMLT06AMC10801.csv,ellt,LoanDetailCMLT06AMC10801.csv,08,01,
sf.citidirect.com/stfin/docs/31605/LoanDetailCMLT06AMC10802.csv,ellt,LoanDetailCMLT06AMC10802.csv,08,02,
sf.citidirect.com/stfin/docs/32236/LoanDetailCMLT06AMC10803.csv,ellt,LoanDetailCMLT06AMC10803.csv,08,03,
sf.citidirect.com/stfin/docs/33444/LoanDetailCMLT06AMC10804.csv,ellt,LoanDetailCMLT06AMC10804.csv,08,04,
sf.citidirect.com/stfin/docs/34303/LoanDetailCMLT06AMC10805.csv,ellt,LoanDetailCMLT06AMC10805.csv,08,05,
sf.citidirect.com/stfin/docs/35229/LoanDetailCMLT06AMC10806.csv,ellt,LoanDetailCMLT06AMC10806.csv,08,06,
sf.citidirect.com/stfin/docs/35706/LoanDetailCMLT06AMC10807.csv,ellt,LoanDetailCMLT06AMC10807.csv,08,07,
sf.citidirect.com/stfin/docs/36519/LoanDetailCMLT06AMC10808.csv,ellt,LoanDetailCMLT06AMC10808.csv,08,08,
sf.citidirect.com/stfin/docs/37723/LoanDetailCMLT06AMC10809.csv,ellt,LoanDetailCMLT06AMC10809.csv,08,09,
sf.citidirect.com/stfin/docs/38347/LoanDetailCMLT06AMC10810.csv,ellt,LoanDetailCMLT06AMC10810.csv,08,10,
sf.citidirect.com/stfin/docs/39245/LoanDetailCMLT06AMC10811.csv,ellt,LoanDetailCMLT06AMC10811.csv,08,11,
sf.citidirect.com/stfin/docs/40257/LoanDetailCMLT06AMC10812.csv,ellt,LoanDetailCMLT06AMC10812.csv,08,12,
sf.citidirect.com/stfin/docs/25347/LoanDetailCMLT06AMC10707.csv,ellt,LoanDetailCMLT06AMC10707.csv,07,07,
sf.citidirect.com/stfin/docs/26276/LoanDetailCMLT06AMC10708.csv,ellt,LoanDetailCMLT06AMC10708.csv,07,08,
sf.citidirect.com/stfin/docs/27241/LoanDetailCMLT06AMC10709.csv,ellt,LoanDetailCMLT06AMC10709.csv,07,09,
sf.citidirect.com/stfin/docs/28191/LoanDetailCMLT06AMC10710.csv,ellt,LoanDetailCMLT06AMC10710.csv,07,10,
sf.citidirect.com/stfin/docs/29032/LoanDetailCMLT06AMC10711.csv,ellt,LoanDetailCMLT06AMC10711.csv,07,11,
sf.citidirect.com/stfin/docs/30050/LoanDetailCMLT06AMC10712.csv,ellt,LoanDetailCMLT06AMC10712.csv,07,12,
sf.citidirect.com/stfin/docs/20960/ColExtCMLT06AMC10701.csv,lld,ColExtCMLT06AMC10701.csv,07,01,
sf.citidirect.com/stfin/docs/21577/ColExtCMLT06AMC10702.csv,lld,ColExtCMLT06AMC10702.csv,07,02,
sf.citidirect.com/stfin/docs/22047/ColExtCMLT06AMC10703.csv,lld,ColExtCMLT06AMC10703.csv,07,03,
sf.citidirect.com/stfin/docs/22966/ColExtCMLT06AMC10704.csv,lld,ColExtCMLT06AMC10704.csv,07,04,
sf.citidirect.com/stfin/docs/23566/ColExtCMLT06AMC10705.csv,lld,ColExtCMLT06AMC10705.csv,07,05,
sf.citidirect.com/stfin/docs/24286/ColExtCMLT06AMC10706.csv,lld,ColExtCMLT06AMC10706.csv,07,06,
sf.citidirect.com/stfin/docs/24927/colextCMLT06AMC1rev0707.csv,lld,colextCMLT06AMC1rev0707.csv,07,07,
sf.citidirect.com/stfin/docs/25838/ColExtCMLT06AMC10708.csv,lld,ColExtCMLT06AMC10708.csv,07,08,
sf.citidirect.com/stfin/docs/27135/ColExtCMLT06AMC10709.csv,lld,ColExtCMLT06AMC10709.csv,07,09,
sf.citidirect.com/stfin/docs/18885/ColExtCMLT06AMC10610.csv,lld,ColExtCMLT06AMC10610.csv,06,10,
sf.citidirect.com/stfin/docs/19460/ColExtCMLT06AMC10611.csv,lld,ColExtCMLT06AMC10611.csv,06,11,
sf.citidirect.com/stfin/docs/20242/ColExtCMLT06AMC10612.csv,lld,ColExtCMLT06AMC10612.csv,06,12,
